Company Name,Address 1,Address 2,City,State,Zip, Total Invoice Amount 
HOTEL EFFECTIVENESS SOLUTIONS LLC,PO BOX 769539,,Roswell,GA,30076," $15,472.50 "
HOTEL EFFECTIVENESS SOLUTIONS LLC,PO BOX 738800,,Dallas,TX,75373," $423,671.67 "
CONSOLIDATED HOSPITALITY SUPPLIES,P. O Box 677130,,Dallas,TX,75267," $3,681.05 "
SPECTRIO LLC,PO BOX 890271,,Charlotte,NC,28289," $7,945.31 "
CONSOLIDATED HOSPITALITY SUPPLIES LLC,PO BOX 677130,,Dallas,TX,75267," $150,392.63 "
ACCO ENGINEERED SYSTEMS INC,DEPT 1092857,PO BOX 847360,Los Angeles,CA,90084," $12,407.00 "
AMERICAN TELEPHONE,7363 E TIERRA BUENA LANE,SUITE 140,Scottsdale,AZ,85260," $16,937.38 "
"REVINATE, INC.",P.O. BOX 732056,,Dallas,TX,75373-2056," $87,900.32 "
SUNCOAST ELEVATOR INSPECTIONS,10315 SANDPIPER RD WEST,,Bradenton,FL,34209, $475.00 
FOURTH ENTERPRISES LLC RED BOOK SOLUTIONS,PO BOX 8030,,Carol Stream,IL,60197," $5,042.53 "
"FIVE PALS, INC",PO Box 21529,,New York,NY,10087," $5,761.20 "
DOMINION ELEVATOR INSPECTION SERVICES,7475 CARLISLE RD,,Wellsville,PA,17365," $10,845.77 "
ARC DOCUMENT SOLUTIONS LLC,PO Box 953466,,St. Louis,MO,63195," $44,611.90 "
TAMBOURINE,100 W CYPRESS CREEK RD SUITE 550,,Fort Lauderdale,FL,33309," $189,421.83 "
FIRST DIGITAL COMMUNICATIONS,PO BOX 849746,,"Los Angeles,",CA,90084-9746," $12,366.98 "
"Singer NY, LLC dba Singer M Tucker",150 South Twin Valley Rd.,,Elverson,PA,19520," $203,846.46 "
BRIGHTVIEW LANDSCAPES LLC,PO BOX 31001-2463,,Pasadena,CA,91110," $45,820.15 "
"BRIGHTVIEW LANDSCAPE SERVICES, INC",P.O. BOX 740655,,Atlanta,GA,30374-0655," $389,556.69 "
CONSOLIDATED HOSPITALITY SUPPLIES,PO BOX 677130,,Dallas,TX,75267-7130," $1,209.71 "
ALICE,P.O Box 21529,,New York,NY,10087," $4,047.32 "
FOURTH ENTERPRISES LLC,PO BOX 122097,,Dallas,TX,75312," $13,648.74 "
REVINATE,PO BOX 223648,,Pittsburgh,PA,15250-2648," $15,955.75 "
"SPECTRIO, LLC",P.O. BOX 890271,,Charlotte,NC,28289-0271," $2,033.36 "
TRIMARK ADAMS BURCH,PO BOX 845396,,Boston,MA,02284," $130,408.50 "
AMERICAN TELEPHONE,7363 E. TIERRA BUENA LANE,,Scottsdale,AZ,85260," $3,850.00 "
HAWAII VISITORS AND CONVENTION BUREAU,2270 KALAKAUA AVE. STE 801,,Honolulu,HI,96815," $90,551.94 "
CASEY FIRE SYSTEMS INC,39-27 59TH STREET,,Woodside,NY,11377," $30,358.11 "
"Singer NY, LLC t/a Singer M Tucker",1200 MADISON AVE,,Paterson,NJ,07503," $1,930.26 "
METROPOLIS PARKING - 6859,PO BOX 6859,,Carol Stream,IL,60197," $331,595.16 "
ALICE GOCONCIERGE LLC,PO Box 21529,,New York,NY,10087," $12,135.00 "
ACAPX LLC,1841 MARIETTA BLVD NW STE 200,,Atlanta,GA,30318," $148,057.05 "
"Five Pals, Inc. dba ALICE",PO Box 21529,,New York,NY,10087-1529," $5,362.50 "
"EVERON, LLC",PO BOX 872987,,Kansas City,MO,64187," $13,629.04 "
MALDONADO NURSERY & LANDSCAPING INC,16348 NACOGDOCHES RD,,San Antonio,TX,78247," $13,157.85 "
REVINATE,PO BOX 732056,,Dallas,TX,75373-2056," $6,461.74 "
"Fourth Enterprises, LLC",PO Box 8031,,Carol Stream,IL,60197-8031," $1,141.28 "
MINUTEMAN PRESS,CYGNUS CO,"3 Front Street, Suite 311",Rollinsford,NH,03869, $992.64 
AMERICAN COMPRESSED GASES INC,PO BOX 715,,Westwood,NJ,07675-0715," $1,099.24 "
"REVINATE, INC",PO BOX 732056,,Dallas,TX,75373-2056," $5,329.97 "
"Genserve, LLC",100 Newton Road,,Plainview,NY,11803," $4,862.32 "
KASSATEX,"330 5th Ave, FL 11",,New York,NY,10001," $9,031.59 "
REVINATE INC,2345 YALE STREET,FIRST FLOOR,Palo Alto,CA,94306," $44,412.49 "
"REVINATE, INC.","1 Letterman Dr, Bldg C, Suite CM100",,San Francisco,CA,94129," $9,984.18 "
"REVINATE, INC.",PO BOX 732056,,Dallas,TX,75373," $50,500.49 "
Kyocera Doc. Solutions N. California,1269 Corporate Center Parkway,,Santa Rosa,CA,95407," $7,494.22 "
FIVEPALS INC,P.O. Box 21529,,New York,NY,10087-1529," $8,956.81 "
New Carbon Distribution,P.O. Box 129,,Condcordville,PA,19331," $1,584.27 "
TriMark Marlinn Inc,6100 West 73rd St. Suite 1,,Bedford Park,IL,60638," $20,789.14 "
TRIMARK ADAMS-BURCH,PO BOX 845396,,Boston,MA,02284," $71,917.04 "
"ACCO Engineered Systems, Inc.",888 East Walnut Street,,Pasadena,CA,91101," $11,048.60 "
CRS TEMPORARY HOUSING,20430 N 19TH AVE STE 275,,Phoenix,AZ,85027," $14,542.11 "
LIVCON CORP,2886 SIERRA GOLD CT,,Riverbank,CA,95367," $86,775.69 "
Chobani Global Holdings LLC dba La Colombe,PO Box 803,,Fort Washington,PA,19034, $638.04 
Revinate LLC,PO BOX 732056,,Dallas,TX,75373-2056," $13,830.84 "
ABEL DESERT SPRING LANDSCAPE,PO BOX 245,,Thousand Palms,CA,92276," $59,260.00 "
FRONTIER FIRE PROTECTION LLC,9430 E 40TH AVE,,Montbello,CO,80238," $15,762.41 "
GRAY MEDIA GROUP INC,420 WAIAKAMILO RD STE 205,,Honolulu,HI,96817," $21,469.10 "
FIRE SERVICE INC.,39-27  59th Street,,Woodside,NY,11377," $20,429.52 "
La Colombe Holdings Inc,La Colombe Holdings Inc,2620 East Tioga Street,Philadelphia,PA,19134," $6,159.79 "
La Colombe,2620 East Tioga Street,,Philadelphia,PA,19134," $23,639.02 "
Finer Foods Inc.,3100 West 36th Street,,Chicago,IL,60632," $27,447.55 "
North East Linen Supply Co.,PO BOX 984003,,Boston,MA,02298," $94,051.07 "
LA COLOMBE COFFEE,PO Box 803,,Fort Washington,PA,19034," $76,041.89 "
RB Ryder LLC,237 Meeting St.,,Charleston,SC,29401," $117,058.41 "
ROBERT DIGIANTOMASO     TVL,1 HOLLY TREE LN,,West Wareham,MA,02576, $284.23 
PACIFIC MEDIA GROUP,311 ANO ST,,Kahului,HI,96732," $49,942.46 "
FOURTH ENTERPRISES LLC -,PO BOX 18364,,Palatine,IL,60055, $945.57 
SERVPRO of North Nashville,2322 Clifton Ave,,Nashville,TN,37209," $4,606.27 "
COLORADO MECHANICAL SYSTEMS LLC,PO BOX 8278,,Carol Stream,IL,60197," $51,204.84 "
PREMIER RESTORATION HAWAII,2815 KAIHIKAPU STREET STE 104,,Honolulu,HI,96819," $343,832.39 "
AT&T,PO BOX 5094,,Carol Stream,IL,60197," $5,041.54 "
GENSERVE INC,PO BOX 23974,,New York,NY,10087," $71,819.50 "
ACCO ENGINEERED SYSTEMS,Dept 1071620,PO BOX 847360,Los Angeles,CA,90084," $34,395.55 "
CASEY FIRE SYS LLC,39-27 59TH ST,,Woodside,NY,11377," $208,103.94 "
Haskins Plumbing,17088 Flying Fish Ln,,Summerland Key,FL,33042," $20,091.18 "
MED LIFE SERVICES,PMB 162 2855 E Manoa Rd Ste 105,,Honolulu,HI,96822," $1,060.35 "
"CONSOLIDATED HOSPITALITY SUPPLIES, LLC",PO BOX 677130,,Dallas,TX,75267," $37,668.09 "
MA Exhaust Tech LLC,32 Melrose Street,,Worcester,MA,01605," $28,400.00 "
TRIPLE F DISTRIBUTING. INC.,P. O. BOX 29960,,Honolulu,HI,96820," $36,568.03 "
MUTUAL PLUMBING SUPPLY CO INC,2812 AWAAWALOA ST,,Honolulu,HI,96819," $3,049.04 "
EDC TECHNOLOGIES,708 Gravenstein Hwy N,#56,Sebastopol,CA,95472," $1,908.48 "
REVINATE INC,PO BOX 732056,,Dallas,TX,75373," $197,985.11 "
VENTURES ASSOCIATES INC,PO BOX 29960,,Honolulu,HI,96820," $8,593.08 "
TRIPLE F DISTRIBUTING INC,PO BOX 29960,,Honolulu,HI,96820," $99,794.65 "
IKHNL,PO Box 14200,,Tallahassee,FL,32317-4200," $84,421.50 "
KFVE,PO Box 14200,,Tallahassee,FL,32317-4200," $34,952.86 "
AMERICAN COMPRESSED GASES INC,PO BOX 715 3RD FL,,Westwood,NJ,07675," $2,776.98 "
NORTH EAST LINEN SUPPLY CO,PO BOX 984003,,Boston,MA,02298," $7,455.68 "
"EDC TECHNOLOGIES, INC.",708 HWY 116 N PMB #56,,Sebastopol,CA,95472," $2,383.36 "
SITEONE LANDSCAPE SUPPLY LLC,24110 Network Place,,Chicago,IL,60673," $24,819.63 "
"ALOHA CARE PAPER PRODUCT, LLC","94-150 LEOLEO ST, A-10",,Waipahu,HI,96797," $19,805.23 "
"EDC TECHNOLOGIES, INC",708 Gravenstein Hwy N,Box 56,Sebastopol,CA,95472," $3,847.20 "
FIRE RECOVERY USA LLC,P.O Box 548,,Roseville,CA,95678," $1,496.00 "
"FOURTH ENTERPRISES, LLC - RED BOOK SOLUTIONS",PO BOX 18364,,Palatine,IL,60055-8364, $304.63 
AMERICAN TELEPHONE,7363 E TIERRA BUENA LANE #140,,Scottsdale,AZ,85260," $10,354.93 "
ACCO ENGINEERED SYSTEMS,DEPT 1101302,,Los Angeles,CA,90084," $18,844.00 "
"FIVEPALS, INC.",PO Box 21529,,New York,NY,10087," $28,957.96 "
FIVEPALS INC,PO Box 21529,,New York,NY,10087-1529," $6,026.00 "
ACCO ENGINEERED SYSTEMS INC,DEPT 1092486 PO BOX 847360,,Los Angeles,CA,90084," $13,054.00 "
Trident Security Systems,PO Box 826,,Longmont,CO,80502," $2,968.98 "
CONSOLIDATED HOSPITALITY SUPPLIES LLC,PO BOX 677130,,Dallas,TX,75267-7130," $19,464.47 "
SHNN,PO Box 14200,,Tallahassee,FL,32317-4200," $15,366.49 "
BRANDON POINT OFFICES LLC,"3807 Brandon Ave., Suite 245",,Roanoke,VA,24018," $10,970.88 "
Fagron Sterile Services US,Dept CH 18048,,Palatine,IL,60055-8008," $10,517.07 "
System4 S.N.E.,30 Romano Vineyard Wy,#114,North Kingstown,RI,02852-8433," $18,028.50 "
Commerce Center Office Building LLC,"401 E Colfax, Ste 277",,South Bend,IN,46617," $7,800.00 "
KERR LAW FIRM PLLC,205 S MAIN ST,,Mt Pleasant,MI,48858," $3,000.00 "
FOLLETT CONTENT SOLUTIONS LLC,PO BOX 7410597,,Chicago,IL,60674-0597," $10,220.08 "
NESS TURF EQUIPMENT,16945 CAMINO SAN BERNARDO,,San Diego,CA,921272405," $2,987.42 "
CARR HARDWARE,PO BOX 1153,,Pittsfield,MA,01202," $1,970.99 "
POP ENTERPRISE LLC,1133 NORTH NIMITZ HIGHWAY,,Honolulu,HI,96817," $1,541.00 "
FIBERGLASS HAWAII,1377 COLBURN ST,,Honolulu,HI,96817," $2,660.63 "
Westchester Masonry Depot,547 Yonkers Avenue,,Yonkers,NY,10704," $14,338.89 "
KAKO'O 'OIWI,PO BOX 5307,,Kaneohe,HI,96744," $2,819.08 "
COURIER CORPORATION OF HAWAII,PO BOX 30507,,Honolulu,HI,96820," $1,432.20 "
PENTELEDATA,PO BOX 401,,Palmerton,PA,18071-0401," $1,324.83 "
JusticePath Advisors,2628 N. 4425 W.,,Plain City,UT,84404," $14,000.00 "
"Amundsen Davis, LLC.",150 N Michigan Ave Suite 3300,,Chicago,IL,60601, $150.00 
PERALTA'S MACHINE SHOP,PO BOX 2425,,Watsonville,CA,95077," $24,606.56 "
SALTWORKS INC,16240 Woodinville Redmond Rd NE,,Woodinville,WA,98072," $37,218.81 "
VERIZON,PO BOX 16800,,Newark,NJ,07101-6800," $49,583.67 "
AMF OCCUPATIONAL THERAPY PLLC,867 Union St,,Brooklyn,NY,11215," $28,916.25 "
TRIPLE P AMERICA INC,1201 Lincoln St Suite 201,,Columbia,SC,29021," $1,573.30 "
ROMAN LANDSCAPING LLC ROMAN MONTELONGO JR DBA,4506 VANESSITA CT,,Laredo,TX,780468839," $249,500.00 "
"INFORMATION & COMPUTING SERVICES, INC",PO BOX 638345,,Cincinnati,OH,45263-8345," $63,685.25 "
"Elbow to Elbow Learning, LLC",8328 Willow Street,,New Orleans,LA,70118," $15,800.00 "
MASONRY ACCESSORIES INC,1717 ACME ST.,,Orlando,FL,32805, $933.97 
HOSE MAKERS PLUS,"9625 DENTON AVE , UNIT 1",,Hudson,FL,34667," $10,416.46 "
General Plumbing and Sewer,772 Center Street,,West Fargo,ND,58078," $18,527.53 "
PORT-O-POTTY INC,10120 Scenic Drive,,Port Richey,FL,34668," $4,499.35 "
FREEMAN MATHIS & GARY LLP,100 GALLERIA PARKWAY,Suite 1600,Atlanta,GA,30339-5948," $20,714.83 "
"Tommy Car Wash Systems of Florida, LLC",6160 15th street east,,Bradenton,FL,34203," $5,717.21 "
CW Suter & Son Inc,1800 11th St,,Sioux City,IA,51101," $4,184.58 "
PIRTEK TREASURE COAST,1200 BELL AVENUE,,Ft Pierce,FL,34982," $12,122.00 "
"FISCHER WEIGHING SYSTEMS, INC",PO BOX 1690,,Jupiter,FL,33468-1690," $5,404.05 "
ANDA INC,PO BOX 930219,,Atlanta,GA,31193-0219," $19,932.63 "
ADI FASTENERS OF TAMPA,4920-22 DISTRIBUTION DRIVE,,Tampa,FL,33605," $2,080.20 "
CENTRAL AUTO & TRUCK PARTS INC,P.O. BOX 10418,,Brooksville,FL,34603, $309.86 
Teknova Inc,PO BOX 738888,,Dallas,TX,753738888," $2,150.40 "
"NEW AGE REPROGRAPHICS, LLC",2800 N. MACDILL AVENUE,SUITE S,Tampa,FL,33607, $821.13 
AIRITE AIR CONDITIONING INC,5321 WEST CRENSHAW ST,,Tampa,FL,33634," $1,293.98 "
BORING,PO BOX 743,,Lakeland,FL,33802, $269.48 
NACM TAMPA INC,PO BOX 22827,,Tampa,FL,33622, $32.90 
"FS COMPRESSION CO., LLC",PO BOX 776925,,Chicago,IL,60677-6925," $12,449.54 "
CHARLIES AUTO GLASS INSTALLERS,4454 CAMBRIDGE ST,,Lake Worth,FL,33461," $1,070.00 "
UNIQUE TECHNOLOGY INDUSTRIES,1523 EDGAR PLACE,,Sarasota,FL,34240," $9,002.98 "
GORMAN MILLING COMPANY INC,302 E LUBBOCK ST,USE X0169706001,Gorman,TX,76454," $17,673.50 "
COMMERCIAL CONCRETE PRODUCTS INC,2705 SAMMONDS RD,,Plant City,FL,33563-4556," $7,839.00 "
Instrotek Inc,1 TRIANGLE DR,PO BOX 13944,Research Triangle Pk,NC,27709-3944," $26,116.41 "
BBM ONLINE,4242 MEDICAL DRIVE,BUIDLING #4,San Antonio,TX,78229-5395," $18,559.13 "
ALSCO,4250 N 124th St PO Box 26737,,Wauwatosa,WI,53226-0737," $4,944.82 "
ADT COMMERCIAL,P.O. BOX 872987,,Kansas City,MO,64187," $9,041.30 "
Siteone Lanscape Supply Llc,24110 Network Place,,Chicago,IL,60673-1241," $31,220.26 "
ANTECH DIAGNOSTICS INC.,P.O. BOX 842964,,Dallas,TX,75284-2964," $43,021.10 "
MERVIN MANUFACTURING INC.,P.O. BOX 31001-2201,,Pasadena,CA,91110," $13,091.22 "
UNIVERSAL ENGINEERING SCI,PO BOX 628734,,Orlando,FL,32862-8734," $22,626.50 "
Aramark Chicago Lockbox,27310 NETWORK PLACE,,Chicago,IL,60673-1273," $13,475.98 "
Leica Biosystems,10 PARKWAY N STE 300,,Deerfield,IL,60015, $390.00 
Wilson Sporting Goods,PO BOX 3135,,Carol Stream,IL,60132-3135," $1,780.48 "
Jt Vaughn Construction Llc,10355 WESTPARK DRIVE,,Houston,TX,770425312," $28,653,538.46 "
JOERIS GENERAL CONTRACTORS LLC,823 ARION PARKWAY,,San Antonio,TX,78216," $6,703,552.06 "
UNIVERSITY OF HOUSTON,PO BOX 988,Treasurer's Office,Houston,TX,77001-0988," $93,421.50 "
Cory J Mabry,8447 ST HWY 47,,Bryan,TX,77801," $1,742.16 "
BLACK DOG TIRE SERVICE LLC,PO BOX 7180,,Hudson,FL,34674," $134,653.20 "
Taconic Biosciences Inc,PO BOX 736565,,Chicago,IL,606736565," $10,080.30 "
Isp Supplies Llc,PO BOX 7656,,Carol Stream,IL,601977656," $5,968.57 "
Texas A&M Agrilife Extension Service,400 HARVEY MITCHELL PKWY S,,College Station,TX,77845-4375," $1,998.82 "
Headliners Club In Austin,PO Box 97,,Austin,TX,78767-0097," $1,084.00 "
MOTIMATIC PBC,440 MONTICELLO AVE STE 1802,PMB 665404,Norfolk,VA,23510-2670," $103,260.00 "
CORPORATION SERVICE COMPANY,PO BOX 7410023,,Chicago,IL,60674-5023," $5,271.41 "
Aggieland Flowers,4081 STATE HIGHWAY 6 S,,College Station,TX,77845-9701," $2,341.60 "
Elias Perli,1029 ADELE ST,,Houston,TX,770992411," $12,122.71 "
Clm Construction Services Inc,PO BOX 11980,,College Station,TX,77842," $2,078,100.00 "
Telesystem,PO Box 60410,,Rossford,OH,43460, $870.45 
STANDLEY SYSTEMS,P.O. BOX 660831,,Dallas,TX,75266," $11,813.05 "
Pacific Seafood Co.,PO Box 830240,,Philadelphia,PA,19182-0240," $14,439.98 "
BURGES BURGES,26100 LAKE SHORE BLVD,,Cleveland,OH,44132," $60,000.00 "
GREENWAY KIA FRANKLIN  (2004),1413 MURFREESBORO RD,,Franklin,TN,37067, $156.28 
SUBURBAN PROPANE-7559,P.O. BOX 270,,Whippany,NJ,07981," $16,524.76 "
A. Kate MacDougall,70 Washington Street,,Natick,MA,01760," $27,071.25 "
LABOR SOURCE LLC,PO BOX 7068,,Tupelo,MS,38802," $42,346.04 "
Kodi Holdings Inc,P O Box 74007142,,Chicago,IL,60674," $744,457.36 "
FISHER & PHILLIPS LLP,1200 Abernathy Road â€“ Suite 950,,Atlanta,GA,30328," $32,131.88 "
Cerifi LLC,3625 Brookside Parkway Ste 450,,Alpharetta,GA,30022," $14,275.00 "
UNISHIPPERS,751 NORTH DRIVE STE 4,,Melbourne,FL,32934," $21,282.88 "
ECONOMY AUTO PARTS,327 CR 311,,Jonesboro,AR,72401," $2,645.00 "
CKC SERVICE LLC,2224 E 400 RD,,Oologah,OK,74053," $84,293.03 "
E.B. CREAGER TIRE,P.O. BOX 4744,,Corpus Christi,TX,78469," $2,805.78 "
CENTRAL MISS. AUTO PARTS INC.,P.O. BOX 720635,,Byram,MS,39272," $10,960.97 "
TRIPLE S TIRE CO. INC,405 S 9TH ST,,Elwood,IN,46036," $5,641.91 "
ANDY'S TOWING,P.O. BOX 682426,,Franklin,TN,37068," $5,980.00 "
LONG'S PRODUCTS,P.O. DRAWER 5859,,Alexandria,LA,71307," $2,306.13 "
JIM SOUTH BUTANE PROPANE,P.O. BOX 8798,,Alexandria,LA,71306," $9,106.11 "
R & D EQUIPMENT SERVICE  (2007),PO BOX 267,,Hohenwald,TN,38462," $7,495.50 "
MERICLE'S TOWING,3408 HOLLYWOOD AVE,,Shreveport,LA,71109," $7,664.48 "
JDRO L.L.C.,2535 DESIREE MESHELL RD,,Shreveport,LA,71115," $16,999.83 "
RACKLEY ROOFING CO INC.  (2001),1673 WEST MAIN STREET,,Lebanon,TN,37087," $85,886.98 "
MARTIN ENVIRONMENTAL SVCS,PO BOX 8623,,Dothan,AL,36304," $6,021.91 "
NANTZE SPRINGS INC.,P.O. Box 1273,,Dothan,AL,36302," $1,763.01 "
HEY MACHINERY COMPANY INC.,1602 HIGH ST.,,Baldwin City,KS,66006," $4,001.00 "
POPE'S PARTS INC.,1315 ST. PATRICK ST.,,Thibodaux,LA,70301," $4,391.82 "
NORTH COAST TECH,37517 BUTTERNUT RIDGE RD,,North Ridgeville,OH,44039," $27,806.55 "
BUSTER'S BUTANE GAS CO. INC.,5402 AYERS,,Corpus Christi,TX,78415," $2,464.00 "
COORDINATING SOLUTIONS,P.O. BOX 238,,Sibley,LA,71073," $2,687.25 "
DANDI GUARANTY PEST SOLUTIONS,P.O. BOX 470725,,Tulsa,OK,74147," $2,054.00 "
TR WHOLESALE SOLUTIONS LLC,7101 VORDEN PARKWAY,,South Bend,IN,46628," $27,914.64 "
COWSER TIRE AND SERVICE,1700 NE LOOP 820,,Fort Worth,TX,76106," $3,655.50 "
FLOWOOD MAC HAIK CHRYS DODGE JEEP RAM,4000 LAKELAND DRIVE,,Flowood,MS,39232," $1,772.25 "
CJR TECHNICAL SOLUTIONS,1170 COUNTY ROAD 11,,Mountain Home,AR,72653," $2,162.52 "
TIFCO INDUSTRIES,PO BOX 40277,,Houston,TX,77240," $11,095.44 "
KUFNER TOWING,3775 RIDGE RD,,Cleveland,OH,44144," $21,440.00 "
RIEKES EQUIPMENT,PO BOX 3392,,Omaha,NE,68103," $11,578.07 "
WAYNES  (2008),2195 PARKWAY LAKE DRIVE,,Birmingham,AL,35244, $224.00 
TOBY SEXTON  (2001),1724 HWY 81 SOUTH,,Loganville,GA,30052," $14,966.70 "
GREEN'S TOWING & RECOVERY,1713 GREEN LANE,,Shelbyville,TN,37160, $963.60 
ROB OLDS TIRE SERVICE INC.,349 PHILLIPS DR.,,Coppell,TX,75019," $4,475.41 "
JONES BROS CO. INC,P O BOX 5039,,Bossier City,LA,71171," $1,087.62 "
MILLERSBURG TIRE SERVICE INC.,7375 STATE RT 39 E,,Millersburg,OH,44654," $8,048.75 "
CENTRAL AG WHEEL & TIRE,4106 ESTHNER,,Wichita,KS,67209," $6,039.00 "
SEWELL MECHANICAL INC.,4813 S. 101ST E AVE.,,Tulsa,OK,74146," $1,747.13 "
WALKER CHEVROLET  (2004),3940 CAROTHERS PKWY,,Franklin,TN,37067," $36,315.94 "
HUGG & HALL,P.O. BOX 194110,,Little Rock,AR,72219," $1,758.28 "
GALLATIN CDJR  (2008),1290 NASHVILLE PIKE,,Gallatin,TN,37066," $1,527.80 "
J & B TRAILERS & EQUIPMENT,5619 AVE A,,Lubbock,TX,79404," $6,431.36 "
CLARKSVILLE AUTO PARTS   (2006),134 TENTH STREET,,Clarksville,TN,37040," $2,260.07 "
MURFREESBORO NISSAN (2008),814 MEMORIAL BLVD,,Murfreesboro,TN,37129-2732," $3,374.21 "
DNW AUTOMOTIVE,P.O. BOX 16324,,Jonesboro,AR,72403, $679.91 
MERCEDES-BENZ OF NASHVILLE  (2004),1568 MALLORY LN,,Brentwood,TN,37027," $4,276.80 "
COOK'S PEST CONTROL (2010),P.O. BOX 866,,Shelbyville,TN,37162, $371.00 
TRISTATE GRAPHICS,2865 HARTFORD HIGHWAY,,Dothan,AL,36303," $50,931.70 "
SUPERIOR TERMITE,6225 E. HWY 18,,Jonesboro,AR,72401, $911.40 
SMITTY'S SUPPLY INC.,PO BOX 2728,,Hammond,LA,70404," $3,916.36 "
RELADYNE MID-SOUTH INC.,P.O. BOX 645333,,Cincinnati,OH,45264," $8,035.84 "
JOHN ROBERTS NISSAN,2747 HILLSBORO HWY,,Manchester,TN,37355, $527.58 
JURY PEST SERVICES,PO BOX 7251,,North Augusta,SC,29861," $1,225.00 "
PREVENTIA-3014,PO BOX 1563,,Columbia,TN,38402," $1,071.65 "
SMASH MY TRASH,612 AIRPARK CENTER DRIVE,,Nashville,TN,37217, $450.00 
MALTSBERGER INDUSTRIAL PROPANE,P.O. BOX 298,,Cleveland,OK,74020," $2,407.76 "
WILLIAMS WINDSHIELD REPAIR,P.O. BOX 19436,,Jonesboro,AR,72403, $173.60 
WILLIG TIRE RECYCLING LLC,352 SOUTH ST.,,Galion,OH,44833," $25,994.61 "
OILCO DISTRIBUTING LLC,205 N MCCOY BLVD,,New Boston,TX,75570," $27,677.18 "
EAST ARKANSAS BROADCASTERS,P.O. BOX 1737,,Jonesboro,AR,72403," $5,250.00 "
DR.'S SPEAKERS NETWORK LLC,"3638 DICKERSON PIKE, SUITE 202",,Nashville,TN,37207," $1,485.00 "
WASTE TECH SERVICES,P.O. BOX 682554,,Franklin,TN,37064," $2,034.56 "
STAN McNABB CHRYSLER DODGE  (2010),2008 N. JACKSON STREET,,Tullahoma,TN,37388, $219.98 
OE WHEEL DISTRIBUTORS,1906 72ND DRIVE EAST,,Sarasota,FL,34243," $1,440.00 "
KEN GANLEY NISSAN INC.,5180 MONTVILLE DR.,,Medina,OH,44256," $3,793.85 "
INJURY MD OF BOSSIER,5015 SHED ROAD SUITE 500,,Bossier City,LA,71111-5587," $2,140.00 "
GOLD MEDAL  (2007),10700 MEDALLION DRIVE,,Cincinnatio,OH,45241, $336.71 
GIBSON'S SIGN-MART & ENGRAVING,1021 NEIL DRIVE,,Jonesboro,AR,72401, $470.89 
DAKOTA DOOR SALES  (2005),11990 MANCHESTER HIGHWAY,,Morrison,TN,37357," $8,491.00 "
VOLUNTEER WELDING SUPPLY  (2003),815 REP JOHN LEWIS WAY S,,Nashville,TN,37203, $110.39 
CYPRESS CREEK PEST CONTROL,P.O. BOX 690548,,Houston,TX,77269, $250.02 
WHEEL PROS,P.O. BOX 200104,,Dallas,TX,75320," $3,199.74 "
OSF MEDICAL GROUP - OCCUPATIONAL HEALTH,P.O. BOX 776793,,Chicago,IL,60677, $253.00 
C & C SWEEPING SERVICE INC.,P.O. BOX 33,,Paragould,AR,72451," $2,280.81 "
MIGHTY AUTO PARTS,P.O. BOX 429,,Walnut Ridge,AR,72476," $22,660.40 "
JAN-PRO OF ARKANSAS,9616 MAUMELLE BLVD,,N. Little Rock,AR,72113," $6,071.52 "
MW COMPONENTS INC.,6875 SHAWNEE CT,,Ozawkie,KS,66070," $12,446.39 "
SANDERS SERVICES PLUMBING-HEAT & AIR,4721 HILLARD RD,,North Little Rock,AR,72118," $3,582.45 "
ALLSOUTH URGENT CARE CLINIC INC.,1052 ROSS CLARK CIRCLE,,Dothan,AL,36303-5425," $2,407.00 "
THOMPSON'S CLEANING SERVICE  (2011),363 BLADE STREET,,Gallatin,TN,37066," $1,750.00 "
CREEKVIEW FARMS,3660 Germantown Liberty Rd,,Dayton,OH,45417, $776.00 
EURO MOTOWORKS LLC,1000 VINE ST,SUITE B,North Little Rock,AR,72114," $2,032.32 "
FORD OF MURFREESBORO  (2008),1550 NW BROAD ST,,Murfreesboro,TN,37129," $5,192.57 "
LENOX WRECKER SERVICE INC.,108 W. 3RD AVE.,,Owasso,OK,74055," $9,020.99 "
BRANDABILITY,10501 INDIANA AVE,,Lubbock,TX,79423," $15,373.37 "
JENKINS & WYNNE INC  (2006),2655 TRENTON RD,,Clarksville,TN,37040," $1,413.14 "
ADVANCED MEDICAL SERVICES,5793 RIDGE RD,,Parma,OH,44129, $880.00 
TOYOTA OF COOL SPRINGS  (2004),1875 W MCEWEN DR,,Franklin,TN,37067," $2,038.94 "
INDOFF INCORPORATED,PO BOX 842808,,Kansas City,MO,64184," $2,316.44 "
BEAMAN FORD INC,343 HARDING PLACE,,Nashville,TN,37211, $525.63 
MITCO - MITCHELL INDUSTRIAL  (2001),PO BOX 9537,,Chattanooga,TN,37412," $6,559.74 "
PHIL MOORE BUICK GMC,5728 I-55 NORTH,,Jackson,MS,39211," $1,110.14 "
CAVENAUGH AUTO GROUP INC.,P.O. BOX 429,,Walnut Ridge,AR,72476," $12,657.78 "
ACCURATE AUTOMOTIVE EQUIPMENT,555 MUSHROOM VALLEY RD.,,Tullahoma,TN,37388, $954.82 
GALLATIN FORD,1394 NASHVILLE PIKE,,Gallatin,TN,37066," $4,461.24 "
EARL'S PLUMBING HEATING & AIR,4720 HIGHWAY 84,,Lubbock,TX,79415, $863.99 
LEXUS OF COOL SPRINGS,1636 WESTGATE CIRCLE,,Brentwood,TN,37027, $762.34 
TREADAWAY'S AUTO SUPPLY,1325 NORTH MARKET,,Shreveport,LA,71107, $453.67 
NEWTON NISSAN SOUTH  (2010),2801 HWY 231 N,,Shelbyville,TN,37162," $2,286.52 "
NISSAN OF COOL SPRINGS  (2004),212 COMTIDE CT,,Franklin,TN,37067, $920.60 
AL WHITE MOTORS INC.,2002 HILLSBORO BLVD.,,Manchester,TN,37355," $1,537.79 "
AESOP AUTO PARTS  (2003),PO BOX 4240,,Evansville,IN,47724," $1,545.00 "
LINE-X OF NASHVILLE/ DETAILS PLUS,P.O. BOX 954,,Goodlettsville,TN,37070," $1,756.00 "
HOLSTON GASES  (2011),PO BOX 835,,Gallatin,TN,37066, $23.58 
PREFERRED TIRE RECYCLING OG OHIO,3410 STOP 8 ROAD,,Dayton,OH,45414," $2,575.20 "
NASHVILLE AUTOMOTIVE EQUIPMENT,"3235B HWY 76,  SUITE G",,Cottontown,TN,37048," $10,493.47 "
REINHARDT SUPPLY CO,25701 RICHMOND RD,,Bedford Heights,OH,44146," $3,394.09 "
VICTORY TOYOTA,13775 BROOKPARK RD,,Cleveland,OH,44142," $2,225.91 "
RACEWAY AUTO & TRUCK PARTS  (2004),PO BOX 1749,,Savannah,TN,38372," $3,432.06 "
FOUR-O CORP 12-0012050,P.O. BOX 645333,,Cincinnati,OH,45264," $7,247.03 "
ZURCHER TIRE INC.,6515 OLIVIA LANE,,Indianapolis,IN,46226," $3,797.04 "
WHATLEY'S COFFEE SERVICE,P.O. BOX 356,,Cabot,AR,72023," $2,393.46 "
FLEETCO LEASING LLC  (2004),P.O. BOX 78218,,Nashville,TN,37207," $2,072.90 "
Sterling Distribution,PO Box 783048,,Philadelphia,PA,19178-3048," $24,271.79 "
RIM MEDICS,7195 JOSHUA COVE,,Memphis,TN,38133," $4,525.00 "
JANITORS' SUPPLY & PAPER CO.,P. O. BOX 398,,Greenville,MS,38702," $2,661.86 "
RUBBER INC,N6673 STATE HIGHWAY 25,,Durand,WI,54736," $20,180.41 "
MOORE DIAGNOSTICS,725 LAXTON LANE,,Munford,TN,38058," $1,192.00 "
SERRA BARTLETT,7850 HIGHWAY 64,,Bartlett,TN,38133," $3,086.69 "
JIM KERAS CHEVROLET,P. O. BOX 280809,,Memphis,TN,38128," $1,661.10 "
JIMMY GRAY CHEVROLET,181 GOODMAN ROAD E,,Southaven,MS,38671, $111.89 
EXPERT AUTO GLASS,P. O. BOX 1024,,Batesville,MS,38606," $4,462.70 "
BARTLETT TOWING,1807 BARTLETT ROAD,,Memphis,TN,38184," $2,515.00 "
JIM KERAS NISSAN,PO BOX 280809,,Memphis,TN,38168," $1,854.07 "
JIM KERAS CHEVROLET - MEMPHIS,P. O. BOX 280809,,Memphis,TN,38128," $4,000.09 "
ALL-STAR AUTOGROUP,7240 CRAFT GOODMAN RD,,Olive Branch,MS,38654," $2,524.68 "
PREMIUM SOLUTIONS OF MS,PO BOX 1779,,Cleveland,MS,38732, $333.01 
"TOBY SEXTON TIRE COMPANY, INC.",P. O. BOX 1768,,Loganville,GA,30052," $2,612.27 "
KIRK SUPERCENTER,3000 GATEWAY STREET,,Grenada,MS,38901," $3,843.80 "
BARTLETT TOWING SERVICE,1807 BARTLETT ROAD,,Memphis,TN,38134," $1,507.63 "
JIM KERAS CHEVROLET,2000 COVINGTON PIKE,,Memphis,TN,38128, $428.47 
RUBBER-INC.,N6673 State HWY 25,,Durand,WI,54736," $8,322.24 "
TRUE VALUE BUILDING MATERIALS,1865 COMMERCE ST,,Grenada,MS,38901, $25.47 
"PITNER OFFICE SUPPLY, INC.",1714 UNIVERSITY AVE. STE B,,Oxford,MS,38655," $1,696.81 "
BALTON SIGNS,7801 MORIARTY ROAD,,Cordova,TN,38018, $613.33 
MAGNOLIA ELECTRIC SUPPLY,PO BOX 381,,Nesbit,MS,38651, $353.17 
1ST AYD CORPORATION,PO BOX 5298,,Elgin,IL,60121," $6,817.49 "
"LATIMER LAWN CARE, LLC",3574 CLEVELAND RD,,Hernando,MS,38632," $3,500.00 "
"OXFORD NEWSMEDIA, LLC",PO BOX 2080,,Selma,AL,36702," $1,272.00 "
MAD TOOLS LLC,3865 SHANE ROAD,,Millington,TN,38053," $1,054.71 "
UAC,1179 W CORPORATE DR SUITE 100A,,Arlington,TX,76006," $2,468.70 "
"PREMIER LAWN AND TURF, LLC",6225 PRIMROSE LANE,,Walls,MS,38680, $277.20 
KOGLER EQUIPMENT SERVICE INC,PO BOX 935,,Olive Branch,MS,38654," $3,547.05 "
MONTGOMERY PUBLISHING INC,PO Box 151,,Winona,MS,38967, $230.00 
FRANK'S TOWING SERVICE,3758 CHERRY RD SUITE 101,,Memphis,TN,38118," $1,885.00 "
JIMMY GRAY CHEVROLET,181 GOODMAN RD E,,Southaven,MS,38671," $1,244.41 "
SUMMER WRECKER SERVICE,1826 THOMAS ROAD,,Memphis,TN,38134, $905.00 
WHEEL WORKZ,4765 AMERICAN WAY,,Memphis,TN,38118," $8,505.00 "
MAGNOLIA TIRE PROS,2460 GOODMAN RD,,Horn Lake,MS,38637," $1,413.00 "
"FARMERS, INCORPORATED",P. O. BOX 5187,,Greenville,MS,38704, $913.31 
CENTRAL COFFEE SERVICE,P.O. BOX 1413,,Grenada,MS,38901," $2,847.37 "
"TULL BROTHERS, INC.",P. O. BOX 867,,Corinth,MS,38835," $1,544.01 "
ATOKA PUBLIC WORKS 065,334 ATOKA-MUNFORD AVE.,,Atoka,TN,38004, $256.17 
JIM KERAS NISSAN,2080 COVINGTON PIKE,,Memphis,TN,38128, $802.01 
"CENTRAL COFFEE SERVICE, LLC",P. O. BOX 1413,,Grenada,MS,38901," $6,222.67 "
PREMIUM SOLUTIONS,4339 MENDENHALL RD.,,Memphis,TN,38141," $1,640.28 "
NTW,PO BOX 205535,,Dallas,TX,75320," $1,417.69 "
DELTA PRODUCTS,2570 METROPOLITAN DRIVE,,Feasterville Trevose,PA,19053," $2,097.91 "
LATIMER LAWN CARE,3574 CLEVELAND RD,,Hernando,MS,38632," $5,750.00 "
DREWERY'S TERMITE & PEST CONTROL LLC,6 COUNTY ROAD 461,,Oxford,MS,38655, $278.20 
VOLVO OF MEMPHIS,7910 TRINITY RD.,,Cordova,TN,38018, $312.48 
THE FLYING LOCKSMITHS,408 CECILIA DRIVE,,Memphis,TN,38117," $2,669.43 "
KAJCP PARTS & SUPPLY,P. O. BOX 460,,Grenada,MS,38902," $3,098.00 "
VOLVO OF MEMPHIS 1110-491,7910 TRINITY ROAD,,Cordova,TN,38018," $1,032.76 "
HERNDON BROTHERS LAWN CARE,PO BOX 342888,,Memphis,TN,38134," $4,060.00 "
PREPASS,P. O. BOX 932588,,Atlanta,GA,31193," $2,830.90 "
VOLVO OF MEMPHIS,7910 TRINITY ROAD,,Cordova,TN,38018," $1,642.35 "
1ST AYD CORPORATION,PO BOX 5298,,Elgin,IL,60121-5298," $1,659.10 "
COLEMAN TAYLOR TRANSMISSION,7530 WINCHESTER ROAD,,Memphis,TN,38125," $3,895.00 "
ACE HARDWARE - Batesville,139 HWY 51,,Batesville,MS,38606," $1,849.41 "
GRENADA NISSAN,PO Box 807,,Grenada,MS,38902," $1,037.52 "
Fisher Scientific Co,PO BOX 3648,,Boston,MA,02241," $14,572.35 "
ARTHUR J. GALLAGHER RISK MANAGEMENT SERV,PO BOX 39735,,Chicago,IL,60694-9700," $18,223.45 "
KWIK KAR AT BELLMEAD,603 NORTH LOOP 340,,Waco,TX,76705," $5,106.53 "
RIO DELTA PROPANE CO.,P.O. BOX 2670,,Elsa,TX,78543," $5,015.23 "
SOUL SUGAR LLC,405 NORA ST,,Missoula,MT,59802," $1,676.00 "
PATRICK WHEELWORX LLC.,129 FAIRMONT PLAZA,,Pearl,MS,39208," $4,805.27 "
SMITH BUILDING SUPPLY INC.,102 HWY 334,,Oxford,MS,38655," $5,389.60 "
MEL'S AUTO GLASS,11775 READING ROAD,,Cincinnati,OH,45241," $9,148.08 "
JD & M FORKLIFT,423 S 15TH ST,,Alamo,TX,78516," $24,306.57 "
LaMotte Company,PO BOX 329,,Chestertown,MD,21620," $3,072.60 "
"Coca-Cola Beverages Northeast, Inc.",PO BOX 419784,,Boston,MA,02241-9784," $20,312.55 "
BEACON OCCUPATIONAL HEALTH LLC,ATTN: ACCOUNTS RECEIVABLE DEPT,22818 OLD US 20,Elkhart,IN,46516, $370.00 
VB COSMETICS INC,6511 W Frye Rd Ste 7,,Chandler,AZ,85226," $2,122.20 "
"Columbus Building Services, Inc",3995 Thistlewood Dr. Suite B,,Grove City,OH,43123," $23,580.00 "
JAGS ELECTRIC LLC,772 CHOCTAW ROAD,,Thibodaux,LA,70301, $799.78 
BOWEN ELECTRIC,324 COTTON DR,,Waco,TX,76712," $8,875.68 "
RAMPAGE REPAIR SERVICES LLC,4925 WEST MAIN STREET,,Houma,LA,70360," $2,842.49 "
"KESCO SUPPLY, INC",1411 S. TEXAS AVE.,,Bryan,TX,77802, $797.16 
SULLIVAN'S EQUIPMENT SERVICES,P O BOX 807,,Bassfield,MS,39421," $3,203.54 "
ARMADILLO TIRE,P.O. Box#3,,Mc Gregor,TX,76657, $571.00 
SUPER GRIP CORPORATION,P.O. BOX 245,,Piney Flats,TN,37686," $24,665.58 "
Atlas HVAC LLC,191 West Glyndale Circle,,Brunswick,GA,31523," $1,648.00 "
DNW AUTOMOTIVE C/O PARISH AUTOMOTIVE LLC,C/O PARISH AUTOMOTIVE LLC,1711 E PARKER RD,Jonesboro,AR,72404, $507.92 
ROBBINS LAWN LLC,775 HOLLYBUSH ROAD,,Brandon,MS,39047," $6,380.00 "
WESTSIDE WHOLESALE,19925 75TH AVENUE NORTH,,Hamel,MN,55340," $48,005.22 "
"Polite Coffee, LLC",3304 Longmire Dr,,College Station,TX,77845," $1,429.00 "
C A JOHNSON HOT SHOT LLC,116 FAIRMONT PLAZA,,Pearl,MS,39208," $3,882.00 "
COLD CREEK NURSERIES LLC,398 HITCHCOCK PKWY,,Aiken,SC,29801," $12,182.39 "
SESCO MANAGEMENT CONSULTANTS,P. O. BOX 1848,,Bristol,TN,37621, $675.00 
NATIONAL REPAIR SERVICE,P.O. BOX 38597,,Shreveport,LA,71133, $290.99 
A & G REFRIGERATION,1309 ST PATRICK STREET,,Thibodaux,LA,70301, $500.00 
INDEPENDENT SEAFOOD,5300 GEORGIA AVE,,West Palm Beach,FL,33405," $271,654.69 "
"CONSOLIDATED HOSPITALITY SUPPLIES, LLC",PO BOX 677130,,Dallas,TX,75267-7130," $6,765.29 "
WORLDWIDE PRODUCE,2652 LONG BEACH AVE.,UNIT 2,Los Angeles,CA,90058," $72,546.35 "
TRIMARK MARLINN LLC,6100 W 73rd Street,SUITE 1,Bedford Park,IL,60638," $36,052.89 "
"LA COLOMBE TORREFACTION, INC.",PO BOX 411917,,Boston,MA,02241," $33,024.50 "
SWIRE COCA-COLA USA,P.O .BOXD 842545,,Los Angeles,CA,90084-2545," $3,778.08 "
FIVE PALS INC,P.O. Box 21529,,New York,NY,10087," $9,101.97 "
Dalton Commercial Cleaning Corp,145 S Livernois Rd,,Rochester Hills,MI,48307-1837," $11,084.00 "
PREMIER GREASE,P.O. BOX 3535,,Alpharetta,GA,30023," $4,530.00 "
AT&T,PO BOX 5091,Acc. Num. AV1H5B,Carol Stream,IL,50197-5091," $1,633.41 "
"SPECTRIO, LLC",PO BOX 890271,,Charlotte,NC,28289-0271, $681.62 
SINGER NY dba M TUCKER,150 SOUTH TWIN VALLEY ROAD,,Elverson,PA,19520," $6,868.56 "
"TRAVEL LEADERS Leisure Group, LLC & DBA Student Tours",67 WHITTIER HWY,UNIT #3,Moultonborough,NH,03254," $1,493.82 "
TRIMARK ADAMS-BURCH LLC,TRIMARK ADAMS-BURCH LLC,PO BOX 845396,Boston,MA,02284-5396," $1,913.04 "
FIVE PALS,P.O. Box 21529,,New York,NY,10087-1529," $14,866.50 "